-- phpMyAdmin SQL Dump
-- version 4.8.3
-- https://www.phpmyadmin.net/
--
-- Host: localhost:3306
-- Generation Time: Feb 03, 2020 at 09:47 PM
-- Server version: 5.6.46-cll-lve
-- PHP Version: 7.2.7

SET SQL_MODE = "NO_AUTO_VALUE_ON_ZERO";
SET AUTOCOMMIT = 0;
START TRANSACTION;
SET time_zone = "+00:00";


/*!40101 SET @OLD_CHARACTER_SET_CLIENT=@@CHARACTER_SET_CLIENT */;
/*!40101 SET @OLD_CHARACTER_SET_RESULTS=@@CHARACTER_SET_RESULTS */;
/*!40101 SET @OLD_COLLATION_CONNECTION=@@COLLATION_CONNECTION */;
/*!40101 SET NAMES utf8mb4 */;

--
-- Database: `zedy_kayan_db`
--

-- --------------------------------------------------------

--
-- Table structure for table `categories`
--

CREATE TABLE `categories` (
  `id` int(10) UNSIGNED NOT NULL,
  `ar_title` varchar(191) COLLATE utf8mb4_unicode_ci NOT NULL,
  `en_title` varchar(191) COLLATE utf8mb4_unicode_ci NOT NULL,
  `user_id` int(10) UNSIGNED DEFAULT NULL,
  `deleted_at` timestamp NULL DEFAULT NULL,
  `created_at` timestamp NULL DEFAULT NULL,
  `updated_at` timestamp NULL DEFAULT NULL
) ENGINE=InnoDB DEFAULT CHARSET=utf8mb4 COLLATE=utf8mb4_unicode_ci;

--
-- Dumping data for table `categories`
--

INSERT INTO `categories` (`id`, `ar_title`, `en_title`, `user_id`, `deleted_at`, `created_at`, `updated_at`) VALUES
(1, 'مواد البناء', 'bluiding matrial', 1, NULL, '2019-01-05 16:16:36', '2019-01-05 16:30:22'),
(2, 'أسمنت', 'assment', 1, NULL, '2019-01-05 16:37:10', '2019-01-05 16:37:21'),
(3, 'حديد', 'steel', 1, NULL, '2019-01-05 16:38:19', '2019-02-01 15:02:03'),
(4, 'تسليح', 'tasleh', 1, NULL, '2019-01-05 16:38:48', '2019-02-01 15:05:37'),
(5, 'خشب', 'wood', 1, NULL, '2019-02-03 16:29:33', '2019-02-03 16:29:33'),
(6, 'جبس', 'transport', 1, NULL, '2019-02-03 19:45:34', '2019-02-03 19:45:34');

-- --------------------------------------------------------

--
-- Table structure for table `days`
--

CREATE TABLE `days` (
  `id` int(10) UNSIGNED NOT NULL,
  `day` date NOT NULL,
  `created_at` timestamp NULL DEFAULT NULL,
  `updated_at` timestamp NULL DEFAULT NULL
) ENGINE=InnoDB DEFAULT CHARSET=utf8mb4 COLLATE=utf8mb4_unicode_ci;

--
-- Dumping data for table `days`
--

INSERT INTO `days` (`id`, `day`, `created_at`, `updated_at`) VALUES
(1, '2019-03-09', '2019-01-05 16:05:11', '2019-01-05 16:05:11'),
(2, '2019-03-10', '2019-01-29 07:46:43', '2019-01-29 07:46:43'),
(3, '2019-03-11', '2019-01-29 09:29:02', '2019-01-29 09:29:02'),
(4, '2019-03-11', '2019-03-11 16:42:14', '2019-03-11 16:42:14'),
(5, '2019-03-11', '2019-03-11 16:42:19', '2019-03-11 16:42:19'),
(6, '2019-03-11', '2019-03-11 16:42:22', '2019-03-11 16:42:22'),
(7, '2019-03-12', '2019-03-12 14:01:06', '2019-03-12 14:01:06'),
(8, '2019-03-13', '2019-03-13 14:01:03', '2019-03-13 14:01:03'),
(9, '2019-03-14', '2019-03-14 14:01:07', '2019-03-14 14:01:07'),
(10, '2019-03-15', '2019-03-15 14:01:07', '2019-03-15 14:01:07'),
(11, '2019-03-16', '2019-03-16 14:01:07', '2019-03-16 14:01:07'),
(12, '2019-03-17', '2019-03-17 14:01:03', '2019-03-17 14:01:03'),
(13, '2019-03-18', '2019-03-18 14:01:07', '2019-03-18 14:01:07'),
(14, '2019-03-19', '2019-03-19 14:01:08', '2019-03-19 14:01:08'),
(15, '2019-03-20', '2019-03-20 14:01:10', '2019-03-20 14:01:10'),
(16, '2019-03-21', '2019-03-21 14:01:10', '2019-03-21 14:01:10'),
(17, '2019-03-22', '2019-03-22 14:01:10', '2019-03-22 14:01:10'),
(18, '2019-03-23', '2019-03-23 14:01:07', '2019-03-23 14:01:07'),
(19, '2019-03-24', '2019-03-24 14:01:06', '2019-03-24 14:01:06'),
(20, '2019-03-25', '2019-03-25 14:01:07', '2019-03-25 14:01:07'),
(21, '2019-03-26', '2019-03-26 14:01:05', '2019-03-26 14:01:05'),
(22, '2019-03-27', '2019-03-27 14:01:07', '2019-03-27 14:01:07'),
(23, '2019-03-28', '2019-03-28 14:01:09', '2019-03-28 14:01:09'),
(24, '2019-03-29', '2019-03-29 14:01:07', '2019-03-29 14:01:07'),
(25, '2019-03-30', '2019-03-30 14:01:07', '2019-03-30 14:01:07'),
(26, '2019-03-31', '2019-03-31 14:01:07', '2019-03-31 14:01:07'),
(27, '2019-04-01', '2019-04-01 14:01:07', '2019-04-01 14:01:07'),
(28, '2019-04-02', '2019-04-02 14:01:10', '2019-04-02 14:01:10'),
(29, '2019-04-03', '2019-04-03 14:01:07', '2019-04-03 14:01:07'),
(30, '2019-04-04', '2019-04-04 14:01:10', '2019-04-04 14:01:10'),
(31, '2019-04-05', '2019-04-05 14:01:09', '2019-04-05 14:01:09'),
(32, '2019-04-06', '2019-04-06 14:01:03', '2019-04-06 14:01:03'),
(33, '2019-04-07', '2019-04-07 14:01:04', '2019-04-07 14:01:04'),
(34, '2019-04-08', '2019-04-08 14:01:06', '2019-04-08 14:01:06'),
(35, '2019-04-09', '2019-04-09 14:01:05', '2019-04-09 14:01:05'),
(36, '2019-04-10', '2019-04-10 14:01:03', '2019-04-10 14:01:03'),
(37, '2019-04-11', '2019-04-11 14:01:04', '2019-04-11 14:01:04'),
(38, '2019-04-12', '2019-04-12 14:01:06', '2019-04-12 14:01:06'),
(39, '2019-04-13', '2019-04-13 14:01:03', '2019-04-13 14:01:03'),
(40, '2019-04-14', '2019-04-14 14:01:03', '2019-04-14 14:01:03'),
(41, '2019-04-15', '2019-04-15 14:01:03', '2019-04-15 14:01:03'),
(42, '2019-04-16', '2019-04-16 14:01:03', '2019-04-16 14:01:03'),
(43, '2019-04-17', '2019-04-17 14:01:03', '2019-04-17 14:01:03'),
(44, '2019-04-18', '2019-04-18 14:01:03', '2019-04-18 14:01:03'),
(45, '2019-04-19', '2019-04-19 14:01:06', '2019-04-19 14:01:06'),
(46, '2019-04-20', '2019-04-20 14:01:04', '2019-04-20 14:01:04'),
(47, '2019-04-21', '2019-04-21 14:01:03', '2019-04-21 14:01:03'),
(48, '2019-04-22', '2019-04-22 14:01:06', '2019-04-22 14:01:06'),
(49, '2019-04-23', '2019-04-23 14:01:03', '2019-04-23 14:01:03'),
(50, '2019-04-24', '2019-04-24 14:01:05', '2019-04-24 14:01:05'),
(51, '2019-04-25', '2019-04-25 14:01:03', '2019-04-25 14:01:03'),
(52, '2019-04-26', '2019-04-26 14:01:06', '2019-04-26 14:01:06'),
(53, '2019-04-27', '2019-04-27 14:01:03', '2019-04-27 14:01:03'),
(54, '2019-04-28', '2019-04-28 14:01:03', '2019-04-28 14:01:03'),
(55, '2019-04-29', '2019-04-29 14:01:03', '2019-04-29 14:01:03'),
(56, '2019-04-30', '2019-04-30 14:01:02', '2019-04-30 14:01:02'),
(57, '2019-05-01', '2019-05-01 14:01:04', '2019-05-01 14:01:04'),
(58, '2019-05-02', '2019-05-02 14:01:05', '2019-05-02 14:01:05'),
(59, '2019-05-03', '2019-05-03 14:01:06', '2019-05-03 14:01:06'),
(60, '2019-05-04', '2019-05-04 14:01:03', '2019-05-04 14:01:03'),
(61, '2019-05-05', '2019-05-05 14:01:02', '2019-05-05 14:01:02'),
(62, '2019-05-06', '2019-05-06 14:01:03', '2019-05-06 14:01:03'),
(63, '2019-05-07', '2019-05-07 14:01:03', '2019-05-07 14:01:03'),
(64, '2019-05-08', '2019-05-08 14:01:03', '2019-05-08 14:01:03'),
(65, '2019-05-09', '2019-05-09 14:01:03', '2019-05-09 14:01:03'),
(66, '2019-05-10', '2019-05-10 14:01:03', '2019-05-10 14:01:03'),
(67, '2019-05-11', '2019-05-11 14:01:07', '2019-05-11 14:01:07'),
(68, '2019-05-12', '2019-05-12 14:01:03', '2019-05-12 14:01:03'),
(69, '2019-05-13', '2019-05-13 14:01:03', '2019-05-13 14:01:03'),
(70, '2019-05-14', '2019-05-14 14:01:02', '2019-05-14 14:01:02'),
(71, '2019-05-15', '2019-05-15 14:01:03', '2019-05-15 14:01:03'),
(72, '2019-05-16', '2019-05-16 14:01:07', '2019-05-16 14:01:07'),
(73, '2019-05-17', '2019-05-17 14:01:02', '2019-05-17 14:01:02'),
(74, '2019-05-18', '2019-05-18 14:01:06', '2019-05-18 14:01:06'),
(75, '2019-05-19', '2019-05-19 14:01:03', '2019-05-19 14:01:03'),
(76, '2019-05-20', '2019-05-20 14:01:06', '2019-05-20 14:01:06'),
(77, '2019-05-21', '2019-05-21 14:01:09', '2019-05-21 14:01:09'),
(78, '2019-05-22', '2019-05-22 14:01:03', '2019-05-22 14:01:03'),
(79, '2019-05-23', '2019-05-23 14:01:06', '2019-05-23 14:01:06'),
(80, '2019-05-24', '2019-05-24 14:01:02', '2019-05-24 14:01:02'),
(81, '2019-05-25', '2019-05-25 14:01:07', '2019-05-25 14:01:07'),
(82, '2019-05-26', '2019-05-26 14:01:03', '2019-05-26 14:01:03'),
(83, '2019-05-27', '2019-05-27 14:01:03', '2019-05-27 14:01:03'),
(84, '2019-05-28', '2019-05-28 14:01:03', '2019-05-28 14:01:03'),
(85, '2019-05-29', '2019-05-29 14:01:02', '2019-05-29 14:01:02'),
(86, '2019-05-30', '2019-05-30 14:01:06', '2019-05-30 14:01:06'),
(87, '2019-05-31', '2019-05-31 14:01:03', '2019-05-31 14:01:03'),
(88, '2019-06-01', '2019-06-01 14:01:03', '2019-06-01 14:01:03'),
(89, '2019-06-02', '2019-06-02 14:01:09', '2019-06-02 14:01:09'),
(90, '2019-06-03', '2019-06-03 14:01:02', '2019-06-03 14:01:02'),
(91, '2019-06-04', '2019-06-04 14:01:03', '2019-06-04 14:01:03'),
(92, '2019-06-05', '2019-06-05 14:01:02', '2019-06-05 14:01:02'),
(93, '2019-06-06', '2019-06-06 14:01:03', '2019-06-06 14:01:03'),
(94, '2019-06-07', '2019-06-07 14:01:07', '2019-06-07 14:01:07'),
(95, '2019-06-08', '2019-06-08 14:01:02', '2019-06-08 14:01:02'),
(96, '2019-06-09', '2019-06-09 14:01:03', '2019-06-09 14:01:03'),
(97, '2019-06-10', '2019-06-10 14:01:03', '2019-06-10 14:01:03'),
(98, '2019-06-11', '2019-06-11 14:01:08', '2019-06-11 14:01:08'),
(99, '2019-06-12', '2019-06-12 14:01:03', '2019-06-12 14:01:03'),
(100, '2019-06-13', '2019-06-13 14:01:07', '2019-06-13 14:01:07'),
(101, '2019-06-14', '2019-06-14 14:01:03', '2019-06-14 14:01:03'),
(102, '2019-06-15', '2019-06-15 14:01:09', '2019-06-15 14:01:09'),
(103, '2019-06-16', '2019-06-16 14:01:02', '2019-06-16 14:01:02'),
(104, '2019-06-17', '2019-06-17 14:01:03', '2019-06-17 14:01:03'),
(105, '2019-06-18', '2019-06-18 14:01:06', '2019-06-18 14:01:06'),
(106, '2019-06-19', '2019-06-19 14:01:03', '2019-06-19 14:01:03'),
(107, '2019-06-20', '2019-06-20 14:01:07', '2019-06-20 14:01:07'),
(108, '2019-06-21', '2019-06-21 14:01:04', '2019-06-21 14:01:04'),
(109, '2019-06-22', '2019-06-22 14:01:06', '2019-06-22 14:01:06'),
(110, '2019-06-23', '2019-06-23 14:01:02', '2019-06-23 14:01:02'),
(111, '2019-06-24', '2019-06-24 14:01:03', '2019-06-24 14:01:03'),
(112, '2019-06-25', '2019-06-25 14:01:03', '2019-06-25 14:01:03'),
(113, '2019-06-26', '2019-06-26 14:01:06', '2019-06-26 14:01:06'),
(114, '2019-06-27', '2019-06-27 14:01:02', '2019-06-27 14:01:02'),
(115, '2019-06-28', '2019-06-28 14:01:03', '2019-06-28 14:01:03'),
(116, '2019-06-29', '2019-06-29 14:01:03', '2019-06-29 14:01:03'),
(117, '2019-06-30', '2019-06-30 14:01:03', '2019-06-30 14:01:03'),
(118, '2019-07-01', '2019-07-01 14:01:03', '2019-07-01 14:01:03'),
(119, '2019-07-02', '2019-07-02 14:01:03', '2019-07-02 14:01:03'),
(120, '2019-07-03', '2019-07-03 14:01:03', '2019-07-03 14:01:03'),
(121, '2019-07-04', '2019-07-04 14:01:08', '2019-07-04 14:01:08'),
(122, '2019-07-05', '2019-07-05 14:01:03', '2019-07-05 14:01:03'),
(123, '2019-07-06', '2019-07-06 14:01:03', '2019-07-06 14:01:03'),
(124, '2019-07-07', '2019-07-07 14:01:03', '2019-07-07 14:01:03'),
(125, '2019-07-08', '2019-07-08 14:01:03', '2019-07-08 14:01:03'),
(126, '2019-07-09', '2019-07-09 14:01:04', '2019-07-09 14:01:04'),
(127, '2019-07-10', '2019-07-10 14:01:02', '2019-07-10 14:01:02'),
(128, '2019-07-11', '2019-07-11 14:01:03', '2019-07-11 14:01:03'),
(129, '2019-07-12', '2019-07-12 14:01:03', '2019-07-12 14:01:03'),
(130, '2019-07-13', '2019-07-13 14:01:02', '2019-07-13 14:01:02'),
(131, '2019-07-14', '2019-07-14 14:01:03', '2019-07-14 14:01:03'),
(132, '2019-07-15', '2019-07-15 14:01:03', '2019-07-15 14:01:03'),
(133, '2019-07-16', '2019-07-16 14:01:04', '2019-07-16 14:01:04'),
(134, '2019-07-17', '2019-07-17 14:01:02', '2019-07-17 14:01:02'),
(135, '2019-07-18', '2019-07-18 14:01:04', '2019-07-18 14:01:04'),
(136, '2019-07-19', '2019-07-19 14:01:03', '2019-07-19 14:01:03'),
(137, '2019-07-20', '2019-07-20 14:01:04', '2019-07-20 14:01:04'),
(138, '2019-07-21', '2019-07-21 14:01:03', '2019-07-21 14:01:03'),
(139, '2019-07-22', '2019-07-22 14:01:03', '2019-07-22 14:01:03'),
(140, '2019-07-23', '2019-07-23 14:01:03', '2019-07-23 14:01:03'),
(141, '2019-07-24', '2019-07-24 14:01:06', '2019-07-24 14:01:06'),
(142, '2019-07-25', '2019-07-25 14:01:03', '2019-07-25 14:01:03'),
(143, '2019-07-26', '2019-07-26 14:01:03', '2019-07-26 14:01:03'),
(144, '2019-07-27', '2019-07-27 14:01:03', '2019-07-27 14:01:03'),
(145, '2019-07-28', '2019-07-28 14:01:03', '2019-07-28 14:01:03'),
(146, '2019-07-29', '2019-07-29 14:01:03', '2019-07-29 14:01:03'),
(147, '2019-07-30', '2019-07-30 14:01:03', '2019-07-30 14:01:03'),
(148, '2019-07-31', '2019-07-31 14:01:03', '2019-07-31 14:01:03'),
(149, '2019-08-01', '2019-08-01 14:01:03', '2019-08-01 14:01:03'),
(150, '2019-08-02', '2019-08-02 14:01:03', '2019-08-02 14:01:03'),
(151, '2019-08-03', '2019-08-03 14:01:03', '2019-08-03 14:01:03'),
(152, '2019-08-04', '2019-08-04 14:01:04', '2019-08-04 14:01:04'),
(153, '2019-08-05', '2019-08-05 14:01:03', '2019-08-05 14:01:03'),
(154, '2019-08-06', '2019-08-06 14:01:03', '2019-08-06 14:01:03'),
(155, '2019-08-07', '2019-08-07 14:01:03', '2019-08-07 14:01:03'),
(156, '2019-08-08', '2019-08-08 14:01:04', '2019-08-08 14:01:04'),
(157, '2019-08-09', '2019-08-09 14:01:04', '2019-08-09 14:01:04'),
(158, '2019-08-10', '2019-08-10 14:01:02', '2019-08-10 14:01:02'),
(159, '2019-08-11', '2019-08-11 14:01:03', '2019-08-11 14:01:03'),
(160, '2019-08-12', '2019-08-12 14:01:03', '2019-08-12 14:01:03'),
(161, '2019-08-13', '2019-08-13 14:01:04', '2019-08-13 14:01:04'),
(162, '2019-08-14', '2019-08-14 14:01:06', '2019-08-14 14:01:06'),
(163, '2019-08-15', '2019-08-15 14:01:05', '2019-08-15 14:01:05'),
(164, '2019-08-16', '2019-08-16 14:01:03', '2019-08-16 14:01:03'),
(165, '2019-08-17', '2019-08-17 14:01:05', '2019-08-17 14:01:05'),
(166, '2019-08-18', '2019-08-18 14:01:03', '2019-08-18 14:01:03'),
(167, '2019-08-19', '2019-08-19 14:01:06', '2019-08-19 14:01:06'),
(168, '2019-08-20', '2019-08-20 14:01:03', '2019-08-20 14:01:03'),
(169, '2019-08-21', '2019-08-21 14:01:03', '2019-08-21 14:01:03'),
(170, '2019-08-22', '2019-08-22 14:01:03', '2019-08-22 14:01:03'),
(171, '2019-08-23', '2019-08-23 14:01:03', '2019-08-23 14:01:03'),
(172, '2019-08-24', '2019-08-24 14:01:06', '2019-08-24 14:01:06'),
(173, '2019-08-25', '2019-08-25 14:01:05', '2019-08-25 14:01:05'),
(174, '2019-08-26', '2019-08-26 14:01:06', '2019-08-26 14:01:06'),
(175, '2019-08-27', '2019-08-27 14:01:04', '2019-08-27 14:01:04'),
(176, '2019-08-28', '2019-08-28 14:01:06', '2019-08-28 14:01:06'),
(177, '2019-08-29', '2019-08-29 14:01:06', '2019-08-29 14:01:06'),
(178, '2019-08-30', '2019-08-30 14:01:06', '2019-08-30 14:01:06'),
(179, '2019-08-31', '2019-08-31 14:01:06', '2019-08-31 14:01:06'),
(180, '2019-09-01', '2019-09-01 14:01:03', '2019-09-01 14:01:03'),
(181, '2019-09-02', '2019-09-02 14:01:06', '2019-09-02 14:01:06'),
(182, '2019-09-03', '2019-09-03 14:01:03', '2019-09-03 14:01:03'),
(183, '2019-09-04', '2019-09-04 14:01:03', '2019-09-04 14:01:03'),
(184, '2019-09-05', '2019-09-05 14:01:03', '2019-09-05 14:01:03'),
(185, '2019-09-06', '2019-09-06 14:01:06', '2019-09-06 14:01:06'),
(186, '2019-09-07', '2019-09-07 14:01:04', '2019-09-07 14:01:04'),
(187, '2019-09-08', '2019-09-08 14:01:03', '2019-09-08 14:01:03'),
(188, '2019-09-09', '2019-09-09 14:01:04', '2019-09-09 14:01:04'),
(189, '2019-09-10', '2019-09-10 14:01:06', '2019-09-10 14:01:06'),
(190, '2019-09-11', '2019-09-11 14:01:03', '2019-09-11 14:01:03'),
(191, '2019-09-12', '2019-09-12 14:01:03', '2019-09-12 14:01:03'),
(192, '2019-09-13', '2019-09-13 14:01:04', '2019-09-13 14:01:04'),
(193, '2019-09-14', '2019-09-14 14:01:06', '2019-09-14 14:01:06'),
(194, '2019-09-15', '2019-09-15 14:01:06', '2019-09-15 14:01:06'),
(195, '2019-09-16', '2019-09-16 14:01:02', '2019-09-16 14:01:02'),
(196, '2019-09-17', '2019-09-17 14:01:06', '2019-09-17 14:01:06'),
(197, '2019-09-18', '2019-09-18 14:01:07', '2019-09-18 14:01:07'),
(198, '2019-09-19', '2019-09-19 14:01:04', '2019-09-19 14:01:04'),
(199, '2019-09-20', '2019-09-20 14:01:03', '2019-09-20 14:01:03'),
(200, '2019-09-21', '2019-09-21 14:01:04', '2019-09-21 14:01:04'),
(201, '2019-09-22', '2019-09-22 14:01:07', '2019-09-22 14:01:07'),
(202, '2019-09-23', '2019-09-23 14:01:06', '2019-09-23 14:01:06'),
(203, '2019-09-24', '2019-09-24 14:01:06', '2019-09-24 14:01:06'),
(204, '2019-09-25', '2019-09-25 14:01:07', '2019-09-25 14:01:07'),
(205, '2019-09-26', '2019-09-26 14:01:05', '2019-09-26 14:01:05'),
(206, '2019-09-27', '2019-09-27 14:01:04', '2019-09-27 14:01:04'),
(207, '2019-09-28', '2019-09-28 14:01:03', '2019-09-28 14:01:03'),
(208, '2019-09-29', '2019-09-29 14:01:03', '2019-09-29 14:01:03'),
(209, '2019-09-30', '2019-09-30 14:01:06', '2019-09-30 14:01:06'),
(210, '2019-10-01', '2019-10-01 14:01:03', '2019-10-01 14:01:03'),
(211, '2019-10-02', '2019-10-02 14:01:06', '2019-10-02 14:01:06'),
(212, '2019-10-03', '2019-10-03 14:01:03', '2019-10-03 14:01:03'),
(213, '2019-10-04', '2019-10-04 14:01:06', '2019-10-04 14:01:06'),
(214, '2019-10-05', '2019-10-05 14:01:06', '2019-10-05 14:01:06'),
(215, '2019-10-06', '2019-10-06 14:01:03', '2019-10-06 14:01:03'),
(216, '2019-10-07', '2019-10-07 14:01:04', '2019-10-07 14:01:04'),
(217, '2019-10-08', '2019-10-08 14:01:02', '2019-10-08 14:01:02'),
(218, '2019-10-09', '2019-10-09 14:01:03', '2019-10-09 14:01:03'),
(219, '2019-10-10', '2019-10-10 14:01:03', '2019-10-10 14:01:03'),
(220, '2019-10-11', '2019-10-11 14:01:06', '2019-10-11 14:01:06'),
(221, '2019-10-12', '2019-10-12 14:01:07', '2019-10-12 14:01:07'),
(222, '2019-10-13', '2019-10-13 14:01:06', '2019-10-13 14:01:06'),
(223, '2019-10-14', '2019-10-14 14:01:08', '2019-10-14 14:01:08'),
(224, '2019-10-15', '2019-10-15 14:01:03', '2019-10-15 14:01:03'),
(225, '2019-10-16', '2019-10-16 14:01:05', '2019-10-16 14:01:05'),
(226, '2019-10-17', '2019-10-17 14:01:06', '2019-10-17 14:01:06'),
(227, '2019-10-18', '2019-10-18 14:01:05', '2019-10-18 14:01:05'),
(228, '2019-10-19', '2019-10-19 14:01:05', '2019-10-19 14:01:05'),
(229, '2019-10-20', '2019-10-20 14:01:05', '2019-10-20 14:01:05'),
(230, '2019-10-21', '2019-10-21 14:01:04', '2019-10-21 14:01:04'),
(231, '2019-10-22', '2019-10-22 14:01:06', '2019-10-22 14:01:06'),
(232, '2019-10-23', '2019-10-23 14:01:05', '2019-10-23 14:01:05'),
(233, '2019-10-24', '2019-10-24 14:01:06', '2019-10-24 14:01:06'),
(234, '2019-10-25', '2019-10-25 14:01:04', '2019-10-25 14:01:04'),
(235, '2019-10-26', '2019-10-26 14:01:05', '2019-10-26 14:01:05'),
(236, '2019-10-27', '2019-10-27 14:01:05', '2019-10-27 14:01:05'),
(237, '2019-10-28', '2019-10-28 14:01:04', '2019-10-28 14:01:04'),
(238, '2019-10-29', '2019-10-29 14:01:06', '2019-10-29 14:01:06'),
(239, '2019-10-30', '2019-10-30 14:01:07', '2019-10-30 14:01:07'),
(240, '2019-10-31', '2019-10-31 14:01:06', '2019-10-31 14:01:06'),
(241, '2019-11-01', '2019-11-01 14:01:04', '2019-11-01 14:01:04'),
(242, '2019-11-02', '2019-11-02 14:01:05', '2019-11-02 14:01:05'),
(243, '2019-11-03', '2019-11-03 14:01:03', '2019-11-03 14:01:03'),
(244, '2019-11-04', '2019-11-04 14:01:05', '2019-11-04 14:01:05'),
(245, '2019-11-05', '2019-11-05 14:01:05', '2019-11-05 14:01:05'),
(246, '2019-11-06', '2019-11-06 14:01:06', '2019-11-06 14:01:06'),
(247, '2019-11-07', '2019-11-07 14:01:06', '2019-11-07 14:01:06'),
(248, '2019-11-08', '2019-11-08 14:01:08', '2019-11-08 14:01:08'),
(249, '2019-11-09', '2019-11-09 14:01:05', '2019-11-09 14:01:05'),
(250, '2019-11-10', '2019-11-10 14:01:05', '2019-11-10 14:01:05'),
(251, '2019-11-11', '2019-11-11 14:01:06', '2019-11-11 14:01:06'),
(252, '2019-11-12', '2019-11-12 14:01:06', '2019-11-12 14:01:06'),
(253, '2019-11-13', '2019-11-13 14:01:05', '2019-11-13 14:01:05'),
(254, '2019-11-14', '2019-11-14 14:01:05', '2019-11-14 14:01:05'),
(255, '2019-11-15', '2019-11-15 14:01:04', '2019-11-15 14:01:04'),
(256, '2019-11-16', '2019-11-16 14:01:07', '2019-11-16 14:01:07'),
(257, '2019-11-17', '2019-11-17 14:01:05', '2019-11-17 14:01:05'),
(258, '2019-11-18', '2019-11-18 14:01:04', '2019-11-18 14:01:04'),
(259, '2019-11-19', '2019-11-19 14:01:05', '2019-11-19 14:01:05'),
(260, '2019-11-20', '2019-11-20 14:01:05', '2019-11-20 14:01:05'),
(261, '2019-11-21', '2019-11-21 14:01:05', '2019-11-21 14:01:05'),
(262, '2019-11-22', '2019-11-22 14:01:05', '2019-11-22 14:01:05'),
(263, '2019-11-23', '2019-11-23 14:01:04', '2019-11-23 14:01:04'),
(264, '2019-11-24', '2019-11-24 14:01:04', '2019-11-24 14:01:04'),
(265, '2019-11-25', '2019-11-25 14:01:04', '2019-11-25 14:01:04'),
(266, '2019-11-26', '2019-11-26 14:01:04', '2019-11-26 14:01:04'),
(267, '2019-11-27', '2019-11-27 14:01:04', '2019-11-27 14:01:04'),
(268, '2019-11-28', '2019-11-28 14:01:04', '2019-11-28 14:01:04'),
(269, '2019-11-29', '2019-11-29 14:01:05', '2019-11-29 14:01:05'),
(270, '2019-11-30', '2019-11-30 14:01:05', '2019-11-30 14:01:05'),
(271, '2019-12-01', '2019-12-01 14:01:07', '2019-12-01 14:01:07'),
(272, '2019-12-02', '2019-12-02 14:01:05', '2019-12-02 14:01:05'),
(273, '2019-12-03', '2019-12-03 14:01:05', '2019-12-03 14:01:05'),
(274, '2019-12-04', '2019-12-04 14:01:04', '2019-12-04 14:01:04'),
(275, '2019-12-05', '2019-12-05 14:01:02', '2019-12-05 14:01:02'),
(276, '2019-12-06', '2019-12-06 14:01:04', '2019-12-06 14:01:04'),
(277, '2019-12-07', '2019-12-07 14:01:09', '2019-12-07 14:01:09'),
(278, '2019-12-08', '2019-12-08 14:01:03', '2019-12-08 14:01:03'),
(279, '2019-12-09', '2019-12-09 14:01:03', '2019-12-09 14:01:03'),
(280, '2019-12-10', '2019-12-10 14:01:03', '2019-12-10 14:01:03'),
(281, '2019-12-11', '2019-12-11 14:01:06', '2019-12-11 14:01:06'),
(282, '2019-12-12', '2019-12-12 14:01:03', '2019-12-12 14:01:03'),
(283, '2019-12-13', '2019-12-13 14:01:04', '2019-12-13 14:01:04'),
(284, '2019-12-14', '2019-12-14 14:01:09', '2019-12-14 14:01:09'),
(285, '2019-12-15', '2019-12-15 14:01:07', '2019-12-15 14:01:07'),
(286, '2019-12-16', '2019-12-16 14:01:02', '2019-12-16 14:01:02'),
(287, '2019-12-17', '2019-12-17 14:01:08', '2019-12-17 14:01:08'),
(288, '2019-12-18', '2019-12-18 14:01:05', '2019-12-18 14:01:05'),
(289, '2019-12-19', '2019-12-19 14:01:07', '2019-12-19 14:01:07'),
(290, '2019-12-20', '2019-12-20 14:01:03', '2019-12-20 14:01:03'),
(291, '2019-12-21', '2019-12-21 14:01:10', '2019-12-21 14:01:10'),
(292, '2019-12-22', '2019-12-22 14:01:04', '2019-12-22 14:01:04'),
(293, '2019-12-23', '2019-12-23 14:01:06', '2019-12-23 14:01:06'),
(294, '2019-12-24', '2019-12-24 14:01:08', '2019-12-24 14:01:08'),
(295, '2019-12-25', '2019-12-25 14:01:05', '2019-12-25 14:01:05'),
(296, '2019-12-26', '2019-12-26 14:01:08', '2019-12-26 14:01:08'),
(297, '2019-12-27', '2019-12-27 14:01:05', '2019-12-27 14:01:05'),
(298, '2019-12-28', '2019-12-28 14:01:07', '2019-12-28 14:01:07'),
(299, '2019-12-29', '2019-12-29 14:01:06', '2019-12-29 14:01:06'),
(300, '2019-12-30', '2019-12-30 14:01:04', '2019-12-30 14:01:04'),
(301, '2019-12-31', '2019-12-31 14:01:04', '2019-12-31 14:01:04'),
(302, '2020-01-01', '2020-01-01 14:01:08', '2020-01-01 14:01:08'),
(303, '2020-01-02', '2020-01-02 14:01:07', '2020-01-02 14:01:07'),
(304, '2020-01-03', '2020-01-03 14:01:06', '2020-01-03 14:01:06'),
(305, '2020-01-04', '2020-01-04 14:01:07', '2020-01-04 14:01:07'),
(306, '2020-01-05', '2020-01-05 14:01:06', '2020-01-05 14:01:06'),
(307, '2020-01-06', '2020-01-06 14:01:06', '2020-01-06 14:01:06'),
(308, '2020-01-07', '2020-01-07 14:01:06', '2020-01-07 14:01:06'),
(309, '2020-01-08', '2020-01-08 14:01:04', '2020-01-08 14:01:04'),
(310, '2020-01-09', '2020-01-09 14:01:07', '2020-01-09 14:01:07'),
(311, '2020-01-10', '2020-01-10 14:01:07', '2020-01-10 14:01:07'),
(312, '2020-01-11', '2020-01-11 14:01:05', '2020-01-11 14:01:05'),
(313, '2020-01-12', '2020-01-12 14:01:06', '2020-01-12 14:01:06'),
(314, '2020-01-13', '2020-01-13 14:01:03', '2020-01-13 14:01:03'),
(315, '2020-01-14', '2020-01-14 14:01:04', '2020-01-14 14:01:04'),
(316, '2020-01-15', '2020-01-15 14:01:06', '2020-01-15 14:01:06'),
(317, '2020-01-16', '2020-01-16 14:01:07', '2020-01-16 14:01:07'),
(318, '2020-01-17', '2020-01-17 14:01:06', '2020-01-17 14:01:06'),
(319, '2020-01-18', '2020-01-18 14:01:04', '2020-01-18 14:01:04'),
(320, '2020-01-19', '2020-01-19 14:01:06', '2020-01-19 14:01:06'),
(321, '2020-01-20', '2020-01-20 14:01:03', '2020-01-20 14:01:03'),
(322, '2020-01-21', '2020-01-21 14:01:04', '2020-01-21 14:01:04'),
(323, '2020-01-22', '2020-01-22 14:01:05', '2020-01-22 14:01:05'),
(324, '2020-01-23', '2020-01-23 14:01:03', '2020-01-23 14:01:03'),
(325, '2020-01-24', '2020-01-24 14:01:05', '2020-01-24 14:01:05'),
(326, '2020-01-25', '2020-01-25 14:01:07', '2020-01-25 14:01:07'),
(327, '2020-01-26', '2020-01-26 14:01:05', '2020-01-26 14:01:05'),
(328, '2020-01-27', '2020-01-27 14:01:04', '2020-01-27 14:01:04'),
(329, '2020-01-28', '2020-01-28 14:01:03', '2020-01-28 14:01:03'),
(330, '2020-01-29', '2020-01-29 14:01:04', '2020-01-29 14:01:04'),
(331, '2020-01-30', '2020-01-30 14:01:06', '2020-01-30 14:01:06'),
(332, '2020-01-31', '2020-01-31 14:01:07', '2020-01-31 14:01:07'),
(333, '2020-02-01', '2020-02-01 14:01:06', '2020-02-01 14:01:06'),
(334, '2020-02-04', '2020-02-04 13:30:42', '2020-02-04 13:30:42'),
(335, '2020-02-03', '2020-02-04 13:31:08', '2020-02-04 13:31:08'),
(336, '2020-02-01', '2020-02-04 13:31:20', '2020-02-04 13:31:20');

-- --------------------------------------------------------

--
-- Table structure for table `migrations`
--

CREATE TABLE `migrations` (
  `id` int(10) UNSIGNED NOT NULL,
  `migration` varchar(191) COLLATE utf8mb4_unicode_ci NOT NULL,
  `batch` int(11) NOT NULL
) ENGINE=InnoDB DEFAULT CHARSET=utf8mb4 COLLATE=utf8mb4_unicode_ci;

--
-- Dumping data for table `migrations`
--

INSERT INTO `migrations` (`id`, `migration`, `batch`) VALUES
(1, '2014_10_12_000000_create_users_table', 1),
(2, '2014_10_12_100000_create_password_resets_table', 1),
(3, '2018_10_11_131147_create_prefs_table', 1),
(4, '2018_10_30_192413_create_categories_table', 1),
(5, '2018_10_30_192653_create_services_table', 1),
(6, '2018_10_30_192712_create_products_table', 1),
(7, '2018_10_30_192730_create_days_table', 1),
(8, '2018_11_02_075749_create_price_at_days_table', 1),
(9, '2018_12_23_141447_create_teams_table', 1),
(10, '2018_12_23_141636_create_reviews_table', 1);

-- --------------------------------------------------------

--
-- Table structure for table `password_resets`
--

CREATE TABLE `password_resets` (
  `email` varchar(191) COLLATE utf8mb4_unicode_ci NOT NULL,
  `token` varchar(191) COLLATE utf8mb4_unicode_ci NOT NULL,
  `created_at` timestamp NULL DEFAULT NULL
) ENGINE=InnoDB DEFAULT CHARSET=utf8mb4 COLLATE=utf8mb4_unicode_ci;

-- --------------------------------------------------------

--
-- Table structure for table `prefs`
--

CREATE TABLE `prefs` (
  `id` int(10) UNSIGNED NOT NULL,
  `arAddress` varchar(191) COLLATE utf8mb4_unicode_ci NOT NULL,
  `enAddress` varchar(191) COLLATE utf8mb4_unicode_ci NOT NULL,
  `enDescription` varchar(191) COLLATE utf8mb4_unicode_ci NOT NULL,
  `arDescription` varchar(191) COLLATE utf8mb4_unicode_ci NOT NULL,
  `phone` varchar(191) COLLATE utf8mb4_unicode_ci NOT NULL,
  `arMainAddress` varchar(191) COLLATE utf8mb4_unicode_ci NOT NULL,
  `enMainAddress` varchar(191) COLLATE utf8mb4_unicode_ci NOT NULL,
  `mainEmail` varchar(191) COLLATE utf8mb4_unicode_ci NOT NULL,
  `facebook` varchar(191) COLLATE utf8mb4_unicode_ci NOT NULL,
  `twitter` varchar(191) COLLATE utf8mb4_unicode_ci NOT NULL,
  `instgram` varchar(191) COLLATE utf8mb4_unicode_ci NOT NULL,
  `linkedin` varchar(191) COLLATE utf8mb4_unicode_ci NOT NULL,
  `user_id` int(10) UNSIGNED DEFAULT NULL,
  `deleted_at` timestamp NULL DEFAULT NULL,
  `created_at` timestamp NULL DEFAULT NULL,
  `updated_at` timestamp NULL DEFAULT NULL
) ENGINE=InnoDB DEFAULT CHARSET=utf8mb4 COLLATE=utf8mb4_unicode_ci;

--
-- Dumping data for table `prefs`
--

INSERT INTO `prefs` (`id`, `arAddress`, `enAddress`, `enDescription`, `arDescription`, `phone`, `arMainAddress`, `enMainAddress`, `mainEmail`, `facebook`, `twitter`, `instgram`, `linkedin`, `user_id`, `deleted_at`, `created_at`, `updated_at`) VALUES
(1, '1 أبراج المشتل - أسيوط', '1Al Mashtal Towers - Assiut', 'Alkayan company to supply all building materials', 'شركة الكيان التجارية لتوريد جميع مواد البناء حديد واسمنت والرمل والزلط', '01033333134', 'شركة سيد - حوض العشرات - أسيوط', 'Sayed Company - dozens of dozen - Assiut', 'contact@alkayantrading.com', 'https://www.facebook.com/alkayantrading/', 'https://www.twitter.com/', 'https://www.instgram.com/', 'https://www.linkedin.com/', NULL, NULL, '2019-01-05 16:05:11', '2020-02-02 04:22:31');

-- --------------------------------------------------------

--
-- Table structure for table `price_at_days`
--

CREATE TABLE `price_at_days` (
  `id` int(10) UNSIGNED NOT NULL,
  `product_id` int(10) UNSIGNED NOT NULL,
  `day_id` int(10) UNSIGNED NOT NULL,
  `price` int(11) NOT NULL,
  `user_id` int(10) UNSIGNED DEFAULT NULL,
  `created_at` timestamp NULL DEFAULT NULL,
  `updated_at` timestamp NULL DEFAULT NULL
) ENGINE=InnoDB DEFAULT CHARSET=utf8mb4 COLLATE=utf8mb4_unicode_ci;

--
-- Dumping data for table `price_at_days`
--

INSERT INTO `price_at_days` (`id`, `product_id`, `day_id`, `price`, `user_id`, `created_at`, `updated_at`) VALUES
(1, 1, 333, 12, 1, '2019-01-05 16:50:11', '2019-01-28 14:51:55'),
(2, 1, 330, 79, 1, '2019-01-29 07:46:43', '2019-01-29 07:46:43'),
(3, 1, 331, 798, 1, NULL, NULL),
(4, 3, 332, 1, 1, NULL, NULL),
(5, 3, 330, 2, 1, NULL, NULL),
(6, 3, 331, 3, 1, NULL, NULL),
(7, 2, 331, 1, NULL, '2019-02-03 19:45:34', '2019-02-03 19:45:34'),
(8, 2, 330, 2, NULL, '2019-02-03 19:45:34', '2019-02-03 19:45:34'),
(9, 2, 333, 6, NULL, '2019-02-03 19:45:34', '2019-02-03 19:45:34'),
(10, 4, 333, 5, NULL, '2019-02-03 19:45:34', '2019-02-03 19:45:34'),
(11, 4, 330, 0, NULL, '2019-02-03 19:45:34', '2019-02-03 19:45:34'),
(12, 4, 332, 6, NULL, '2019-02-03 19:45:34', '2019-02-03 19:45:34'),
(13, 5, 330, 5, NULL, '2019-02-03 19:45:34', '2019-02-03 19:45:34'),
(14, 5, 331, 7, NULL, '2019-02-03 19:45:34', '2019-02-03 19:45:34'),
(15, 5, 332, 3, NULL, '2019-02-03 19:45:34', '2019-02-03 19:45:34'),
(16, 6, 331, 1, NULL, NULL, NULL),
(17, 6, 332, 2, NULL, NULL, NULL),
(18, 6, 333, 3, NULL, NULL, NULL),
(19, 1, 332, 1, 1, '2020-01-26 21:47:02', '2020-01-26 21:47:02'),
(20, 2, 332, 1, 1, '2020-01-26 21:47:02', '2020-01-26 21:47:02'),
(21, 3, 333, 1, 1, '2020-01-26 21:47:02', '2020-01-26 21:47:02'),
(22, 4, 331, 1, NULL, '2020-01-26 21:47:02', '2020-01-26 21:47:02'),
(23, 5, 333, 1, NULL, '2020-01-26 21:47:02', '2020-01-26 21:47:02'),
(24, 6, 330, 50, 1, '2020-01-26 21:47:02', '2020-01-26 21:47:02');

-- --------------------------------------------------------

--
-- Table structure for table `products`
--

CREATE TABLE `products` (
  `id` int(10) UNSIGNED NOT NULL,
  `ar_title` varchar(191) COLLATE utf8mb4_unicode_ci NOT NULL,
  `en_title` varchar(191) COLLATE utf8mb4_unicode_ci NOT NULL,
  `company_name` varchar(191) COLLATE utf8mb4_unicode_ci NOT NULL,
  `category_id` int(10) UNSIGNED DEFAULT NULL,
  `user_id` int(10) UNSIGNED DEFAULT NULL,
  `deleted_at` timestamp NULL DEFAULT NULL,
  `created_at` timestamp NULL DEFAULT NULL,
  `updated_at` timestamp NULL DEFAULT NULL
) ENGINE=InnoDB DEFAULT CHARSET=utf8mb4 COLLATE=utf8mb4_unicode_ci;

--
-- Dumping data for table `products`
--

INSERT INTO `products` (`id`, `ar_title`, `en_title`, `company_name`, `category_id`, `user_id`, `deleted_at`, `created_at`, `updated_at`) VALUES
(1, 'طوب احمر', 'tob', 'assuit', 1, 1, NULL, '2019-01-05 16:48:08', '2019-01-05 16:48:22'),
(2, 'اسمنت', 'assment', 'assment-assyut', 1, 1, NULL, NULL, NULL),
(3, 'جبس', 'jbs', 'dsadsa', 2, 1, NULL, NULL, NULL),
(4, 'مونه', 'mona', 'four_company', 2, NULL, NULL, NULL, NULL),
(5, 'حديد', 'steel', 'five_company', 3, NULL, NULL, NULL, NULL),
(6, 'خشب', 'wood', 'sic_company', 3, NULL, NULL, NULL, NULL);

-- --------------------------------------------------------

--
-- Table structure for table `reviews`
--

CREATE TABLE `reviews` (
  `id` int(10) UNSIGNED NOT NULL,
  `name` varchar(191) COLLATE utf8mb4_unicode_ci NOT NULL,
  `review` varchar(191) COLLATE utf8mb4_unicode_ci NOT NULL,
  `img` varchar(191) COLLATE utf8mb4_unicode_ci NOT NULL DEFAULT '/images/demo/avatar-80.png',
  `deleted_at` timestamp NULL DEFAULT NULL,
  `created_at` timestamp NULL DEFAULT NULL,
  `updated_at` timestamp NULL DEFAULT NULL
) ENGINE=InnoDB DEFAULT CHARSET=utf8mb4 COLLATE=utf8mb4_unicode_ci;

--
-- Dumping data for table `reviews`
--

INSERT INTO `reviews` (`id`, `name`, `review`, `img`, `deleted_at`, `created_at`, `updated_at`) VALUES
(1, 'asd', 'dsa', 'resources/assets/site/images/demo/avatar-80.png', NULL, '2019-01-05 16:48:58', '2019-01-05 16:48:58');

-- --------------------------------------------------------

--
-- Table structure for table `services`
--

CREATE TABLE `services` (
  `id` int(10) UNSIGNED NOT NULL,
  `ar_title` varchar(191) COLLATE utf8mb4_unicode_ci NOT NULL,
  `en_title` varchar(191) COLLATE utf8mb4_unicode_ci NOT NULL,
  `img` varchar(191) COLLATE utf8mb4_unicode_ci NOT NULL DEFAULT 'resources/assets/site/images/demo/avatar-80.png',
  `user_id` int(10) UNSIGNED DEFAULT NULL,
  `category_id` int(10) UNSIGNED DEFAULT NULL,
  `deleted_at` timestamp NULL DEFAULT NULL,
  `created_at` timestamp NULL DEFAULT NULL,
  `updated_at` timestamp NULL DEFAULT NULL
) ENGINE=InnoDB DEFAULT CHARSET=utf8mb4 COLLATE=utf8mb4_unicode_ci;

--
-- Dumping data for table `services`
--

INSERT INTO `services` (`id`, `ar_title`, `en_title`, `img`, `user_id`, `category_id`, `deleted_at`, `created_at`, `updated_at`) VALUES
(1, 'توفير بناء', 'bulider matrial', 'resources/assets/admin/images/1.jpg', 1, 1, NULL, '2019-01-05 16:42:19', '2019-01-05 16:42:22'),
(4, 'توفير اسمنت', 'assment provider', 'resources/assets/site/images/2.png', 1, 2, NULL, '2019-02-03 19:45:34', '2019-02-03 19:45:34'),
(6, 'حديد', 'steel provider', 'resources/assets/site/images/3.png', 1, 3, NULL, '2019-02-03 19:45:34', '2019-02-03 19:45:34'),
(7, 'تسليح', 'tasleh providr', 'resources/assets/site/images/4.png', 1, 4, NULL, '2019-02-03 19:45:34', '2019-02-03 19:45:34'),
(9, 'خشب', 'Frankie Braun', 'resources/assets/site/images/5.png', 1, 5, NULL, '2019-02-03 19:45:34', '2019-02-03 19:45:34'),
(10, 'توفير الجبس', 'japes provider', 'resources/assets/site/images/6.png', 1, 6, NULL, '2019-02-03 19:45:34', '2019-02-03 19:45:34'),
(11, 'عربيات النقل', 'transport', 'resources/assets/site/images/7.png', 1, NULL, NULL, '2019-02-03 19:45:34', '2019-02-03 19:45:34');

-- --------------------------------------------------------

--
-- Table structure for table `teams`
--

CREATE TABLE `teams` (
  `id` int(10) UNSIGNED NOT NULL,
  `name` varchar(191) COLLATE utf8mb4_unicode_ci NOT NULL,
  `job` varchar(191) COLLATE utf8mb4_unicode_ci NOT NULL,
  `img` varchar(191) COLLATE utf8mb4_unicode_ci NOT NULL DEFAULT '/images/demo/avatar-80.png',
  `deleted_at` timestamp NULL DEFAULT NULL,
  `created_at` timestamp NULL DEFAULT NULL,
  `updated_at` timestamp NULL DEFAULT NULL
) ENGINE=InnoDB DEFAULT CHARSET=utf8mb4 COLLATE=utf8mb4_unicode_ci;

--
-- Dumping data for table `teams`
--

INSERT INTO `teams` (`id`, `name`, `job`, `img`, `deleted_at`, `created_at`, `updated_at`) VALUES
(1, 'dsa', 'asd', 'resources/assets/site/images/avatar-80.png', NULL, '2019-01-05 16:48:38', '2019-01-05 16:48:38');

-- --------------------------------------------------------

--
-- Table structure for table `users`
--

CREATE TABLE `users` (
  `id` int(10) UNSIGNED NOT NULL,
  `name` varchar(191) COLLATE utf8mb4_unicode_ci NOT NULL,
  `email` varchar(191) COLLATE utf8mb4_unicode_ci NOT NULL,
  `password` varchar(191) COLLATE utf8mb4_unicode_ci NOT NULL,
  `img` varchar(191) COLLATE utf8mb4_unicode_ci NOT NULL DEFAULT '/images/demo/avatar-80.png',
  `role` int(11) NOT NULL,
  `deleted_at` timestamp NULL DEFAULT NULL,
  `remember_token` varchar(100) COLLATE utf8mb4_unicode_ci DEFAULT NULL,
  `created_at` timestamp NULL DEFAULT NULL,
  `updated_at` timestamp NULL DEFAULT NULL
) ENGINE=InnoDB DEFAULT CHARSET=utf8mb4 COLLATE=utf8mb4_unicode_ci;

--
-- Dumping data for table `users`
--

INSERT INTO `users` (`id`, `name`, `email`, `password`, `img`, `role`, `deleted_at`, `remember_token`, `created_at`, `updated_at`) VALUES
(1, 'admin', 'fcro2nin@example.org', '$2y$10$mXwEFI/nQub9PmCejn59zuozRujElm4bu5D01y.wXpciRnKjHRWNm', '/images/demo/avatar-80.png', 1, NULL, '77TwPoXoRG', '2019-01-05 16:05:11', '2019-01-06 08:07:10'),
(2, 'asd', 'admin@admin5.com', '$2y$10$UFpcxQIFm0AFH5mDyM0rVu.6gjf4xQu20891gpg2iZ2i2Uyc.XkGa', '/images/demo/avatar-80.png', 0, '2019-02-12 19:53:24', NULL, '2019-02-05 18:54:10', '2019-02-12 19:53:24');

--
-- Indexes for dumped tables
--

--
-- Indexes for table `categories`
--
ALTER TABLE `categories`
  ADD PRIMARY KEY (`id`),
  ADD KEY `categories_user_id_foreign` (`user_id`);

--
-- Indexes for table `days`
--
ALTER TABLE `days`
  ADD PRIMARY KEY (`id`);

--
-- Indexes for table `migrations`
--
ALTER TABLE `migrations`
  ADD PRIMARY KEY (`id`);

--
-- Indexes for table `password_resets`
--
ALTER TABLE `password_resets`
  ADD KEY `password_resets_email_index` (`email`);

--
-- Indexes for table `prefs`
--
ALTER TABLE `prefs`
  ADD PRIMARY KEY (`id`),
  ADD KEY `prefs_user_id_foreign` (`user_id`);

--
-- Indexes for table `price_at_days`
--
ALTER TABLE `price_at_days`
  ADD PRIMARY KEY (`id`),
  ADD KEY `price_at_days_product_id_foreign` (`product_id`),
  ADD KEY `price_at_days_day_id_foreign` (`day_id`),
  ADD KEY `price_at_days_user_id_foreign` (`user_id`);

--
-- Indexes for table `products`
--
ALTER TABLE `products`
  ADD PRIMARY KEY (`id`),
  ADD KEY `products_category_id_foreign` (`category_id`),
  ADD KEY `products_user_id_foreign` (`user_id`);

--
-- Indexes for table `reviews`
--
ALTER TABLE `reviews`
  ADD PRIMARY KEY (`id`);

--
-- Indexes for table `services`
--
ALTER TABLE `services`
  ADD PRIMARY KEY (`id`),
  ADD KEY `services_user_id_foreign` (`user_id`),
  ADD KEY `services_category_id_foreign` (`category_id`);

--
-- Indexes for table `teams`
--
ALTER TABLE `teams`
  ADD PRIMARY KEY (`id`);

--
-- Indexes for table `users`
--
ALTER TABLE `users`
  ADD PRIMARY KEY (`id`),
  ADD UNIQUE KEY `users_email_unique` (`email`);

--
-- AUTO_INCREMENT for dumped tables
--

--
-- AUTO_INCREMENT for table `categories`
--
ALTER TABLE `categories`
  MODIFY `id` int(10) UNSIGNED NOT NULL AUTO_INCREMENT, AUTO_INCREMENT=7;

--
-- AUTO_INCREMENT for table `days`
--
ALTER TABLE `days`
  MODIFY `id` int(10) UNSIGNED NOT NULL AUTO_INCREMENT, AUTO_INCREMENT=337;

--
-- AUTO_INCREMENT for table `migrations`
--
ALTER TABLE `migrations`
  MODIFY `id` int(10) UNSIGNED NOT NULL AUTO_INCREMENT, AUTO_INCREMENT=11;

--
-- AUTO_INCREMENT for table `prefs`
--
ALTER TABLE `prefs`
  MODIFY `id` int(10) UNSIGNED NOT NULL AUTO_INCREMENT, AUTO_INCREMENT=2;

--
-- AUTO_INCREMENT for table `price_at_days`
--
ALTER TABLE `price_at_days`
  MODIFY `id` int(10) UNSIGNED NOT NULL AUTO_INCREMENT, AUTO_INCREMENT=25;

--
-- AUTO_INCREMENT for table `products`
--
ALTER TABLE `products`
  MODIFY `id` int(10) UNSIGNED NOT NULL AUTO_INCREMENT, AUTO_INCREMENT=7;

--
-- AUTO_INCREMENT for table `reviews`
--
ALTER TABLE `reviews`
  MODIFY `id` int(10) UNSIGNED NOT NULL AUTO_INCREMENT, AUTO_INCREMENT=2;

--
-- AUTO_INCREMENT for table `services`
--
ALTER TABLE `services`
  MODIFY `id` int(10) UNSIGNED NOT NULL AUTO_INCREMENT, AUTO_INCREMENT=12;

--
-- AUTO_INCREMENT for table `teams`
--
ALTER TABLE `teams`
  MODIFY `id` int(10) UNSIGNED NOT NULL AUTO_INCREMENT, AUTO_INCREMENT=2;

--
-- AUTO_INCREMENT for table `users`
--
ALTER TABLE `users`
  MODIFY `id` int(10) UNSIGNED NOT NULL AUTO_INCREMENT, AUTO_INCREMENT=3;

--
-- Constraints for dumped tables
--

--
-- Constraints for table `categories`
--
ALTER TABLE `categories`
  ADD CONSTRAINT `categories_user_id_foreign` FOREIGN KEY (`user_id`) REFERENCES `users` (`id`) ON DELETE CASCADE ON UPDATE CASCADE;

--
-- Constraints for table `prefs`
--
ALTER TABLE `prefs`
  ADD CONSTRAINT `prefs_user_id_foreign` FOREIGN KEY (`user_id`) REFERENCES `users` (`id`) ON DELETE CASCADE ON UPDATE CASCADE;

--
-- Constraints for table `price_at_days`
--
ALTER TABLE `price_at_days`
  ADD CONSTRAINT `price_at_days_day_id_foreign` FOREIGN KEY (`day_id`) REFERENCES `days` (`id`) ON DELETE CASCADE ON UPDATE CASCADE,
  ADD CONSTRAINT `price_at_days_product_id_foreign` FOREIGN KEY (`product_id`) REFERENCES `products` (`id`) ON DELETE CASCADE ON UPDATE CASCADE,
  ADD CONSTRAINT `price_at_days_user_id_foreign` FOREIGN KEY (`user_id`) REFERENCES `users` (`id`) ON DELETE CASCADE ON UPDATE CASCADE;

--
-- Constraints for table `products`
--
ALTER TABLE `products`
  ADD CONSTRAINT `products_category_id_foreign` FOREIGN KEY (`category_id`) REFERENCES `categories` (`id`) ON DELETE CASCADE ON UPDATE CASCADE,
  ADD CONSTRAINT `products_user_id_foreign` FOREIGN KEY (`user_id`) REFERENCES `users` (`id`) ON DELETE CASCADE ON UPDATE CASCADE;

--
-- Constraints for table `services`
--
ALTER TABLE `services`
  ADD CONSTRAINT `services_category_id_foreign` FOREIGN KEY (`category_id`) REFERENCES `categories` (`id`) ON DELETE CASCADE ON UPDATE CASCADE,
  ADD CONSTRAINT `services_user_id_foreign` FOREIGN KEY (`user_id`) REFERENCES `users` (`id`) ON DELETE CASCADE ON UPDATE CASCADE;
COMMIT;

/*!40101 SET CHARACTER_SET_CLIENT=@OLD_CHARACTER_SET_CLIENT */;
/*!40101 SET CHARACTER_SET_RESULTS=@OLD_CHARACTER_SET_RESULTS */;
/*!40101 SET COLLATION_CONNECTION=@OLD_COLLATION_CONNECTION */;
